<?xml version="1.0" encoding="utf-8"?>
<bundleDescriptor>
    <bundleName>urbantep-fmask</bundleName>
    <bundleVersion>3.2</bundleVersion>
    <includeBundle>urbantep-base-1.0</includeBundle>

    <processorDescriptors>
    
       <!--  Fmask processor for Landsat 8 data-->
        <processorDescriptor>
            <processorName>Urban TEP Fmask for Landsat 8</processorName>
            <processorVersion>3.2</processorVersion>
            <executableName>Fmask8</executableName>
            <outputFormats>default</outputFormats>
            <formatting>IMPLICIT</formatting>
            <descriptionHtml><![CDATA[<p>Performs cloud detection for Landsat 8 L1 products.</p>]]></descriptionHtml>

            <jobConfig>
               <jobParameter>
                   <name>calvalus.hadoop.mapreduce.map.memory.mb</name>
                   <value>7000</value>
               </jobParameter>
               <jobParameter>
                   <name>calvalus.hadoop.mapreduce.task.timeout</name>
                   <value>3600000</value> <!-- one hour in milliseconds -->
               </jobParameter>
            </jobConfig>
        </processorDescriptor>
      </processorDescriptors>

</bundleDescriptor>
